0.21,0.42,0.47,0.65,1.16,4.65,0.78,1.01,1.37,1.58,1.78,0.65,0.30,0.35,1.08,1.22,0.48,0.43,0.43,0.44,3.19,0.00
0.23,0.46,0.52,0.71,1.22,2.62,0.85,1.11,1.51,1.74,1.95,0.71,0.31,0.36,1.20,1.35,0.53,2.15,0.48,0.48,0.00,0.00
0.25,0.51,0.58,0.79,1.30,9.15,0.95,1.24,1.70,1.94,2.16,0.79,0.32,0.38,1.34,1.51,0.81,1.79,0.54,0.54,2.58,0.00
0.26,0.58,0.66,0.89,1.41,30.57,1.08,1.39,1.95,2.21,2.44,0.90,0.34,0.39,1.53,1.73,0.77,0.28,0.61,0.61,4.26,0.00
0.26,0.67,0.76,1.15,1.57,22.39,0.97,1.60,2.29,2.57,1.98,1.04,0.35,0.41,1.80,2.02,0.78,0.00,0.71,0.69,10.57,0.00
0.25,0.80,0.91,1.49,6.11,18.83,2.50,1.90,2.78,2.93,5.91,1.24,0.37,0.43,2.17,2.45,0.79,0.64,0.83,0.81,44.86,0.17
0.25,1.05,1.19,1.47,0.00,5.72,3.65,2.32,3.55,4.17,7.90,1.53,0.39,0.44,2.75,3.10,1.70,0.78,0.00,0.99,3.88,0.20
0.24,0.00,0.00,1.87,3.62,9.03,0.00,3.00,4.86,8.30,0.00,2.01,0.40,0.47,3.73,4.20,2.71,1.01,3.00,1.27,5.81,0.22
0.24,2.24,2.61,2.57,4.41,5.82,3.42,4.17,7.40,2.88,7.27,2.85,0.43,0.49,5.61,6.32,0.00,1.44,0.36,1.76,3.23,0.23
0.24,2.02,2.28,4.87,13.89,6.16,5.52,7.54,13.56,12.44,11.36,4.62,0.45,0.52,10.63,12.45,3.34,2.46,4.47,2.78,3.43,0.22
0.25,8.25,9.11,6.59,41.74,6.53,13.70,11.21,37.17,31.44,28.77,9.86,0.48,0.55,23.06,27.01,7.66,5.94,16.84,5.49,5.43,0.21
0.28,33.68,24.16,23.40,17.87,6.92,41.47,42.02,62.05,92.85,64.72,39.45,0.51,0.58,9.03,11.02,27.74,26.21,35.86,44.25,0.00,0.19
0.33,2.94,22.91,42.95,5.69,7.81,16.56,37.64,16.62,15.42,71.55,8.53,0.54,0.63,6.12,8.40,7.17,23.67,6.17,5.00,5.04,0.17
0.39,1.42,3.47,5.53,8.54,5.68,8.47,13.37,18.35,21.30,19.10,8.62,0.59,0.67,14.97,30.09,12.69,3.50,3.13,4.13,5.43,0.14
0.47,14.10,3.82,7.97,5.72,8.29,11.20,16.63,18.45,22.14,25.44,9.31,0.63,0.73,35.44,24.34,3.70,4.18,3.33,5.54,5.94,0.13
0.57,4.11,6.26,5.92,6.07,6.35,12.31,13.54,29.21,39.50,31.17,10.72,0.69,0.79,6.84,7.85,5.45,6.64,4.40,3.35,0.00,0.11
0.69,4.91,4.46,5.98,6.43,0.00,12.57,17.40,31.65,30.52,53.68,17.85,0.76,0.87,7.16,0.00,5.36,3.94,1.34,3.56,0.00,0.11
0.82,6.56,4.06,6.34,6.81,0.00,15.48,25.48,16.66,18.94,21.93,10.28,0.84,0.96,0.00,0.00,4.06,4.16,4.00,5.39,5.00,0.12
0.98,4.41,4.30,6.72,7.76,5.69,19.35,22.50,16.61,0.00,0.00,8.50,0.94,1.07,6.44,0.00,4.30,4.40,4.24,0.00,4.13,0.15
1.16,5.25,4.56,7.11,5.69,8.54,10.73,14.65,0.00,54.91,69.37,2.00,1.07,1.21,0.00,9.03,5.11,4.65,11.98,5.20,5.54,0.18
1.37,0.00,5.52,7.86,8.17,5.72,7.23,1.51,15.75,18.35,22.14,3.94,1.23,1.39,24.48,6.12,0.00,5.59,15.09,5.59,3.35,0.24
1.60,0.00,0.00,6.41,8.13,6.07,7.84,11.20,16.63,18.45,39.50,0.00,1.44,1.62,9.22,14.97,0.00,0.00,0.00,9.60,3.56,0.31
1.86,1.98,0.00,6.64,0.00,6.43,8.86,12.31,13.54,29.21,30.52,7.23,1.72,1.93,10.03,35.44,25.52,0.00,0.00,0.00,5.39,0.39
2.16,5.39,6.45,0.00,0.00,6.81,9.23,12.57,17.40,31.65,18.94,7.84,2.12,2.36,24.51,6.84,6.67,7.17,23.67,0.00,0.00,0.48
2.52,5.71,3.06,15.75,5.53,7.76,9.87,15.48,25.48,16.66,0.00,8.86,2.69,2.98,15.55,7.16,7.23,12.69,3.50,6.17,5.20,0.60
2.92,6.05,5.78,6.49,7.97,5.69,10.68,19.35,22.50,16.61,54.91,9.23,3.56,3.91,8.17,0.00,7.84,3.70,4.18,3.13,5.59,0.72
3.63,6.39,6.12,7.07,5.92,8.17,3.62,10.73,14.65,0.00,18.35,9.87,4.95,5.39,0.00,6.44,8.86,5.45,6.64,3.33,9.60,0.86
4.63,0.00,6.46,5.95,5.98,8.13,,7.23,1.51,15.75,18.45,10.68,8.03,8.44,0.41,0.00,9.23,5.36,3.94,4.40,0.00,1.02
4.96,0.00,3.29,6.30,6.34,0.00,,7.84,11.20,16.63,29.21,3.62,13.96,14.54,0.00,24.48,9.87,4.06,4.16,1.34,0.00,1.20
4.20,25.52,0.00,6.68,6.72,0.00,,8.86,12.31,13.54,31.65,,29.54,36.24,7.23,9.22,10.68,4.30,4.40,4.00,6.17,1.41
3.62,6.67,2.94,7.07,7.11,5.53,,9.23,12.57,17.40,16.66,,3.73,5.36,8.10,10.03,3.62,5.11,4.65,4.24,3.13,1.61
3.78,7.23,1.42,7.49,7.86,7.97,,9.87,15.48,25.48,16.61,,3.86,4.46,9.10,24.51,,0.00,5.59,11.98,3.33,2.05
3.93,7.84,14.10,6.46,6.41,5.92,,10.68,19.35,22.50,0.00,,3.98,4.61,20.59,15.55,,0.00,0.00,15.09,4.40,2.72
4.08,8.86,4.11,5.76,6.64,5.98,,3.62,10.73,14.65,15.75,,4.12,5.40,13.73,8.17,,25.52,0.00,0.00,1.34,2.29
4.18,9.23,4.91,6.11,0.00,6.34,,,7.23,1.51,16.63,,4.25,3.74,7.14,0.00,,6.67,7.17,0.00,4.00,1.44
4.41,9.87,6.56,6.46,15.75,6.72,,,7.84,11.20,13.54,,4.39,5.53,6.23,0.41,,7.23,12.69,23.67,4.24,2.22
4.45,10.68,4.41,6.84,6.49,7.11,,,8.86,12.31,17.40,,5.42,8.92,0.00,0.00,,7.84,3.70,3.50,11.98,2.35
4.56,3.62,5.25,7.24,7.07,7.86,,,9.23,12.57,25.48,,3.44,13.77,61.79,7.23,,8.86,5.45,4.18,15.09,2.47
4.65,,0.00,1.39,5.95,6.41,,,9.87,15.48,22.50,,4.74,7.85,5.63,8.10,,9.23,5.36,6.64,0.00,2.59
5.40,,0.00,7.84,6.30,6.64,,,10.68,19.35,14.65,,4.95,3.85,8.26,9.10,,9.87,4.06,3.94,0.00,2.67
4.45,,1.98,8.86,6.68,0.00,,,3.62,10.73,1.51,,8.30,3.95,3.72,20.59,,10.68,4.30,4.16,23.67,2.87
4.86,,5.39,9.23,7.07,15.75,,,,7.23,11.20,,8.88,4.04,12.29,13.73,,3.62,5.11,4.40,3.50,2.92
4.91,,5.71,9.87,7.49,6.49,,,,7.84,12.31,,9.65,3.79,18.34,7.14,,,0.00,4.65,4.18,3.01
4.95,,6.05,10.68,6.46,7.07,,,,8.86,12.57,,3.83,0.00,5.67,6.23,,,0.00,5.59,6.64,3.10
4.99,,6.39,3.62,5.76,5.95,,,,9.23,15.48,,3.92,3.41,6.02,0.00,,,25.52,0.00,3.94,3.86
5.01,,0.00,,6.11,6.30,,,,9.87,19.35,,4.01,3.46,6.06,61.79,,,6.67,0.00,4.16,2.89
5.03,,0.00,,6.46,6.68,,,,10.68,10.73,,4.11,0.00,0.00,5.63,,,7.23,7.17,4.40,3.33
4.98,,25.52,,6.84,7.07,,,,3.62,7.23,,3.24,3.83,5.53,8.26,,,7.84,12.69,4.65,3.40
,,6.67,,7.24,7.49,,,,,7.84,,0.00,3.96,0.00,3.72,,,8.86,3.70,5.59,3.46
,,7.23,,1.39,6.46,,,,,8.86,,3.43,4.93,25.52,12.29,,,9.23,5.45,0.00,3.52
,,7.84,,7.84,5.76,,,,,9.23,,16.91,2.97,6.67,18.34,,,9.87,5.36,0.00,3.57
,,8.86,,8.86,6.11,,,,,9.87,,3.68,4.28,7.23,5.67,,,10.68,4.06,7.17,3.61
,,9.23,,9.23,6.46,,,,,10.68,,3.80,5.69,7.84,6.02,,,3.62,4.30,12.69,3.65
,,9.87,,9.87,6.84,,,,,3.62,,4.60,6.63,8.86,6.06,,,,5.11,3.70,3.69
,,10.68,,10.68,7.24,,,,,,,3.09,13.04,9.23,0.00,,,,0.00,5.45,3.72
,,3.62,,3.62,1.39,,,,,,,4.11,5.44,9.87,5.53,,,,0.00,5.36,3.75
,,,,,7.84,,,,,,,4.24,3.42,10.68,0.00,,,,25.52,4.06,3.78
,,,,,8.86,,,,,,,6.97,3.50,3.62,25.52,,,,6.67,4.30,3.81
,,,,,9.23,,,,,,,5.38,3.58,,6.67,,,,7.23,5.11,3.84
,,,,,9.87,,,,,,,10.25,3.67,,7.23,,,,7.84,0.00,3.87
,,,,,10.68,,,,,,,3.33,2.77,,7.84,,,,8.86,0.00,5.41
,,,,,3.62,,,,,,,3.40,0.00,,8.86,,,,9.23,25.52,2.22
,,,,,,,,,,,,3.48,3.08,,9.23,,,,9.87,6.67,3.98
,,,,,,,,,,,,3.56,3.13,,9.87,,,,10.68,7.23,4.02
,,,,,,,,,,,,3.65,0.00,,10.68,,,,3.62,7.84,4.01
,,,,,,,,,,,,3.30,3.18,,3.62,,,,,8.86,
,,,,,,,,,,,,3.04,3.28,,,,,,,9.23,
,,,,,,,,,,,,3.08,3.39,,,,,,,9.87,
,,,,,,,,,,,,3.13,4.26,,,,,,,10.68,
,,,,,,,,,,,,3.04,2.52,,,,,,,3.62,
,,,,,,,,,,,,3.13,3.66,,,,,,,,
,,,,,,,,,,,,3.24,4.13,,,,,,,,
,,,,,,,,,,,,3.98,6.41,,,,,,,,
,,,,,,,,,,,,3.25,5.13,,,,,,,,
,,,,,,,,,,,,3.56,10.48,,,,,,,,
,,,,,,,,,,,,3.67,2.94,,,,,,,,
,,,,,,,,,,,,3.79,3.01,,,,,,,,
,,,,,,,,,,,,3.91,3.08,,,,,,,,
,,,,,,,,,,,,4.04,3.15,,,,,,,,
,,,,,,,,,,,,4.17,3.23,,,,,,,,
,,,,,,,,,,,,4.30,3.30,,,,,,,,
,,,,,,,,,,,,4.44,0.00,,,,,,,,
,,,,,,,,,,,,1.43,0.00,,,,,,,,
,,,,,,,,,,,,,2.75,,,,,,,,
,,,,,,,,,,,,,2.80,,,,,,,,
,,,,,,,,,,,,,0.00,,,,,,,,
,,,,,,,,,,,,,2.52,,,,,,,,
,,,,,,,,,,,,,2.60,,,,,,,,
,,,,,,,,,,,,,2.69,,,,,,,,
,,,,,,,,,,,,,2.78,,,,,,,,
,,,,,,,,,,,,,2.84,,,,,,,,
,,,,,,,,,,,,,3.13,,,,,,,,
,,,,,,,,,,,,,3.04,,,,,,,,
,,,,,,,,,,,,,3.13,,,,,,,,
,,,,,,,,,,,,,3.24,,,,,,,,
,,,,,,,,,,,,,3.98,,,,,,,,
,,,,,,,,,,,,,3.25,,,,,,,,
,,,,,,,,,,,,,3.56,,,,,,,,
,,,,,,,,,,,,,3.67,,,,,,,,
,,,,,,,,,,,,,3.79,,,,,,,,
,,,,,,,,,,,,,3.91,,,,,,,,
,,,,,,,,,,,,,4.04,,,,,,,,
,,,,,,,,,,,,,4.17,,,,,,,,
,,,,,,,,,,,,,4.30,,,,,,,,
,,,,,,,,,,,,,4.44,,,,,,,,
,,,,,,,,,,,,,1.43,,,,,,,,